"","Overall","feats"
"1",100,"scarb1__outer_pos193_2"
"2",9.89662870430486,"scarb1__outer_28S"
"3",84.6633517695747,"scarb1__outer_29L"
"4",9.77726325905143,"scarb1__outer_30I"
"5",7.42830909581938,"scarb1__outer_32Q"
"6",9.59638803008039,"scarb1__outer_96R"
"7",9.43822319246127,"scarb1__outer_96Q"
"8",99.9867433059935,"scarb1__outer_131Q"
"9",100,"scarb1__outer_131E"
"10",27.7225710072042,"scarb1__outer_136H"
"11",18.5422894355458,"scarb1__outer_159N"
"12",18.5660759838534,"scarb1__outer_159D"
"13",99.8925890929463,"scarb1__outer_193Q"
"14",9.56078973290446,"scarb1__outer_193K"
"15",9.76887312619076,"scarb1__outer_406I"
"16",9.82728578237315,"scarb1__outer_406V"
