"","Overall","feats"
"1",58.3976027908129,"tfr1__outer_338G"
"2",58.3157615063104,"tfr1__outer_338S"
"3",58.3802513642534,"tfr1__outer_430N"
"4",58.4553170605301,"tfr1__outer_438Q"
"5",100,"tfr1__outer_628S"
"6",29.8202026912332,"tfr1__outer_pos338_0"
"7",29.7875492841903,"tfr1__outer_pos338_3"
"8",29.7784264214097,"tfr1__outer_pos438_2"
"9",100,"tfr1__outer_pos579_1"
"10",43.4026033997026,"tfr1__outer_pos628_3"
