"","Overall","feats"
"1",100,"duffy_outer1_73Q"
"2",8.51919392535459,"duffy_outer1_79N"
"3",3.96764856083548e-14,"duffy_outer1_79D"
"4",7.16631927967936e-14,"duffy_outer1_80F"
"5",0.00102091065411814,"duffy_outer1_80S"
"6",29.4437828015046,"duffy_outer2_0G"
"7",29.3973470394432,"duffy_outer2_0."
"8",34.2875052629998,"duffy_outer2_1L"
"9",34.2682164766443,"duffy_outer2_1."
"10",21.5453427527527,"duffy_outer2_3N"
"11",21.5187100783687,"duffy_outer2_3S"
"12",100,"duffy_outer2_5R"
"13",99.9182099400408,"duffy_outer2_5H"
"14",21.2828444942643,"duffy_outer2_9L"
"15",21.4170801462049,"duffy_outer2_9."
"16",21.5982153334213,"duffy_outer2_10C"
"17",21.6525692918085,"duffy_outer2_10."
"18",21.5398614719294,"duffy_outer2_11S"
"19",21.322995729541,"duffy_outer2_11."
"20",42.3848425260898,"duffy_outer2_13G"
"21",42.3193321352288,"duffy_outer2_13."
"22",99.9998332787814,"duffy_outer3_13M"
"23",100,"duffy_outer3_13T"
"24",0.0313129874556686,"duffy_outer4_0."
"25",0.108683465215221,"duffy_outer4_1L"
"26",0.199874589720137,"duffy_outer4_1."
"27",0.260292601216024,"duffy_outer4_2V"
"28",0.266136286719594,"duffy_outer4_2."
"29",100,"duffy_outer4_3R"
"30",99.8755935071611,"duffy_outer4_3."
"31",79.7194356572107,"duffy_outer4_5N"
"32",79.6818035155801,"duffy_outer4_5K"
"33",38.7408502347881,"duffy_outer4_10P"
"34",38.7529209032012,"duffy_outer4_10S"
"35",38.9575755390582,"duffy_outer4_17A"
"36",38.9867663967697,"duffy_outer4_17V"
"37",47.9116772282814,"duffy_outer4_21L"
"38",47.9026107353818,"duffy_outer4_21V"
